<?xml version="1.0" encoding="UTF-8"?>
<!DOCTYPE configuremap [
  <!ELEMENT configuremap (configure)+>
  <!ATTLIST configuremap xmlns CDATA #FIXED ''>
  <!ELEMENT configure EMPTY>
  <!ATTLIST configure xmlns CDATA #FIXED '' name NMTOKEN #REQUIRED
    value CDATA #REQUIRED>
]>
<!--
  ImageMagick build configuration.
-->
<configuremap>
  <configure name="CC" value="gcc -std=gnu99 -std=gnu99"/>
  <configure name="CFLAGS" value="-I/usr/include/libxml2   -I/usr/include/libpng12       -I/usr/include/freetype2        -fopenmp -g -O2 -Wall -mtune=core2 -fexceptions -pthread -DMAGICKCORE_HDRI_ENABLE=1 -DMAGICKCORE_QUANTUM_DEPTH=16"/>
  <configure name="CODER_PATH" value="/var/task/imagemagick/lib/ImageMagick-7.0.8/modules-Q16HDRI/coders"/>
  <configure name="CONFIGURE_PATH" value="/var/task/imagemagick/etc/ImageMagick-7/"/>
  <configure name="CONFIGURE" value="./configure  '--prefix=/var/task/imagemagick' '--enable-shared=no' '--enable-static=yes'"/>
  <configure name="COPYRIGHT" value="Copyright (C) 1999-2019 ImageMagick Studio LLC"/>
  <configure name="CPPFLAGS" value="-I/var/task/imagemagick/include/ImageMagick-7"/>
  <configure name="CXXFLAGS" value="-g -O2 -pthread"/>
  <configure name="CXX" value="g++"/>
  <configure name="DEFS" value="-DHAVE_CONFIG_H"/>
  <configure name="DELEGATES" value="bzlib mpeg fontconfig freetype jng jpeg lcms lzma png ps tiff x xml zlib"/>
  <configure name="DISTCHECK_CONFIG_FLAGS" value=" --disable-deprecated  --with-quantum-depth=16  --with-jemalloc=no  --with-umem=no  --with-autotrace=no  --with-gslib=no  --with-fontpath=  --with-rsvg=no  --with-perl=no "/>
  <configure name="DOCUMENTATION_PATH" value="/var/task/imagemagick/share/doc/ImageMagick-7"/>
  <configure name="EXEC-PREFIX" value="/var/task/imagemagick"/>
  <configure name="EXECUTABLE_PATH" value="/var/task/imagemagick/bin"/>
  <configure name="FEATURES" value="DPC HDRI Cipher OpenMP"/>
  <configure name="FILTER_PATH" value="/var/task/imagemagick/lib/ImageMagick-7.0.8/modules-Q16HDRI/filters"/>
  <configure name="GIT_REVISION" value="15687" />
  <configure name="HOST" value="x86_64-pc-linux-gnu"/>
  <configure name="INCLUDE_PATH" value="/var/task/imagemagick/include/ImageMagick-7"/>
  <configure name="LDFLAGS" value="-L/var/task/imagemagick/lib  "/>
  <configure name="LIBRARY_PATH" value="/var/task/imagemagick/lib/ImageMagick-7.0.8"/>
  <configure name="LIBS" value="  -llcms2   -ltiff -lfreetype    -ljpeg   -lpng12        -lfontconfig        -lXext -lXt   -lSM -lICE -lX11  -llzma   -lbz2      -lxml2    -lz       -lm     -lgomp"/>
  <configure name="LIB_VERSION_NUMBER" value="7,0,8,48"/>
  <configure name="LIB_VERSION" value="0x708"/>
  <configure name="NAME" value="ImageMagick"/>
  <configure name="PCFLAGS" value="-fopenmp -DMAGICKCORE_HDRI_ENABLE=1 -DMAGICKCORE_QUANTUM_DEPTH=16"/>
  <configure name="PREFIX" value="/var/task/imagemagick"/>
  <configure name="QuantumDepth" value="16"/>
  <configure name="RELEASE_DATE" value="2019-06-02"/>
  <configure name="SHAREARCH_PATH" value="/var/task/imagemagick/lib/ImageMagick-7.0.8/config-Q16HDRI"/>
  <configure name="SHARE_PATH" value="/var/task/imagemagick/share/ImageMagick-7"/>
  <configure name="TARGET_CPU" value="x86_64"/>
  <configure name="TARGET_OS" value="linux-gnu"/>
  <configure name="TARGET_VENDOR" value="pc"/>
  <configure name="VERSION" value="7.0.8"/>
  <configure name="WEBSITE" value="https://imagemagick.org"/>
</configuremap>
